White Coat,300,Collections,Coat,A sleek and versatile white hooded jacket designed for both style and comfort. Made with lightweight yet durable fabric,White,All,picture-uploads/Collections/White/White.png,picture-uploads/Collections/White/White-Side.png,picture-uploads/Collections/White/White-Back.png
Black Coat,300,Collections,Coat,A sleek and versatile white hooded jacket designed for both style and comfort. Made with lightweight yet durable fabric,Black,All,picture-uploads/Collections/Black/Black.png,picture-uploads/Collections/Black/Black-Side.png,picture-uploads/Collections/Black/Black-Back.png
Beige Coat,300,Collections,Coat,A sleek and versatile white hooded jacket designed for both style and comfort. Made with lightweight yet durable fabric,Beige,All,picture-uploads/Collections/Beige/Beige.png,picture-uploads/Collections/Beige/Beige-Side.png,picture-uploads/Collections/Beige/Beige-Back.png
White Basic T-shirt,100,Men,T-shirt,The Trinity Classic T-Shirt embodies understated luxury and timeless simplicity...,White,All,picture-uploads/Men/T-Shirt/Basic/White-Basic-Front.png,picture-uploads/Men/T-Shirt/Basic/White-Basic-Side.png,picture-uploads/Men/T-Shirt/Basic/White-Basic-Back.png
Black Basic T-shirt,100,Men,T-shirt,The Trinity Classic T-Shirt embodies understated luxury and timeless simplicity...,Black,All,picture-uploads/Men/T-Shirt/Basic/Black-Basic-Front.png,picture-uploads/Men/T-Shirt/Basic/Black-Basic-Side.png,picture-uploads/Men/T-Shirt/Basic/Black-Basic-Back.png
White Oversize T-shirt,120,Men,T-shirt,The Trinity Oversized T-Shirt redefines everyday essentials...,White,All,picture-uploads/Men/T-Shirt/Oversized/White-Oversize-Front.png,picture-uploads/Men/T-Shirt/Oversized/White-Oversize-Side.png,picture-uploads/Men/T-Shirt/Oversized/White-Oversize-Back.png
Black Oversize T-shirt,120,Men,T-shirt,The Trinity Oversized T-Shirt redefines everyday essentials...,Black,All,picture-uploads/Men/T-Shirt/Oversized/Black-Oversize-Front.png,picture-uploads/Men/T-Shirt/Oversized/Black-Oversize-Side.png,picture-uploads/Men/T-Shirt/Oversized/Black-Oversize-Back.png
White Basic Polo,200,Men,Polo,The Trinity Classic Polo represents timeless elegance...,White,All,picture-uploads/Men/Polo/Basic/White-Basic-Front.png,picture-uploads/Men/Polo/Basic/White-Basic-Side.png,picture-uploads/Men/Polo/Basic/White-Basic-Back.png
Black Basic Polo,200,Men,Polo,The Trinity Classic Polo represents timeless elegance...,Black,All,picture-uploads/Men/Polo/Basic/Black-Basic-Front.png,picture-uploads/Men/Polo/Basic/Black-Basic-Side.png,picture-uploads/Men/Polo/Basic/Black-Basic-Back.png
White Logo Polo,210,Men,Polo,The Trinity Logo Polo blends timeless sophistication...,White,All,picture-uploads/Men/Polo/Logo/White-Logo-Front.png,picture-uploads/Men/Polo/Logo/White-Logo-Side.png,picture-uploads/Men/Polo/Logo/White-Logo-Back.png
Black Logo Polo,210,Men,Polo,The Trinity Logo Polo blends timeless sophistication...,Black,All,picture-uploads/Men/Polo/Logo/Black-Logo-Front.png,picture-uploads/Men/Polo/Logo/Black-Logo-Side.png,picture-uploads/Men/Polo/Logo/Black-Logo-Back.png
White Basic T-shirt,130,Women,T-shirt,The Trinity Signature T-Shirt embodies refined minimalism and modern elegance. Designed with a clean,White,All,picture-uploads/Women/T-Shirt/Basic/White-Basic-Front.png,picture-uploads/Women/T-Shirt/Basic/White-Basic-Side.png,picture-uploads/Women/T-Shirt/Basic/White-Basic-Back.png
Black Basic T-shirt,130,Women,T-shirt,The Trinity Signature T-Shirt embodies refined minimalism and modern elegance. Designed with a clean,Black,All,picture-uploads/Women/T-Shirt/Basic/Black-Basic-Front.png,picture-uploads/Women/T-Shirt/Basic/Black-Basic-Side.png,picture-uploads/Women/T-Shirt/Basic/Black-Basic-Back.png
White Oversize T-shirt,140,Women,T-shirt,The Trinity Oversized T-Shirt for Women blends effortless comfort with contemporary elegance. Designed with a relaxed oversized silhouette,White,All,picture-uploads/Women/T-Shirt/Oversized/White-Oversize-Front.png,picture-uploads/Women/T-Shirt/Oversized/White-Oversize-Side.png,picture-uploads/Women/T-Shirt/Oversized/White-Oversize-Back.png
Black Oversize T-shirt,140,Women,T-shirt,The Trinity Oversized T-Shirt for Women blends effortless comfort with contemporary elegance. Designed with a relaxed oversized silhouette,Black,All,picture-uploads/Women/T-Shirt/Oversized/Black-Oversize-Front.png,picture-uploads/Women/T-Shirt/Oversized/Black-Oversize-Side.png,picture-uploads/Women/T-Shirt/Oversized/Black-Oversize-Back.png
White Classic Blouse,200,Women,Blouse,The Trinity Classic Blouse reflects timeless elegance through its clean lines and refined tailoring. Designed to complement the natural silhouette,White,All,picture-uploads/Women/Blouse/Classic/White-Classic-Front.png,picture-uploads/Women/Blouse/Classic/White-Classic-Side.png,picture-uploads/Women/Blouse/Classic/White-Classic-Back.png
Black Classic Blouse,200,Women,Blouse,The Trinity Classic Blouse reflects timeless elegance through its clean lines and refined tailoring. Designed to complement the natural silhouette,Black,All,picture-uploads/Women/Blouse/Classic/Black-Classic-Front.png,picture-uploads/Women/Blouse/Classic/Black-Classic-Side.png,picture-uploads/Women/Blouse/Classic/Black-Classic-Back.png
White Wrap Blouse,250,Women,Blouse,The Trinity Wrap Blouse captures graceful femininity through its elegant wrap silhouette and fluid structure. Designed to gently frame the waist and create a naturally flattering shape,White,All,picture-uploads/Women/Blouse/Wrap/White-Wrap-Front.png,picture-uploads/Women/Blouse/Wrap/White-Wrap-Side.png,picture-uploads/Women/Blouse/Wrap/White-Wrap-Back.png
Black Wrap Blouse,250,Women,Blouse,The Trinity Wrap Blouse captures graceful femininity through its elegant wrap silhouette and fluid structure. Designed to gently frame the waist and create a naturally flattering shape,Black,All,picture-uploads/Women/Blouse/Wrap/Black-Wrap-Front.png,picture-uploads/Women/Blouse/Wrap/Black-Wrap-Side.png,picture-uploads/Women/Blouse/Wrap/Black-Wrap-Back.png
White Basic Crop Top,180,Women,CropTop,The Trinity Basic Crop Top embodies modern minimalism with a clean and structured silhouette. Crafted from soft premium fabric,White,All,picture-uploads/Women/CropTop/Basic/White-Basic-Front.png,picture-uploads/Women/CropTop/Basic/White-Basic-Side.png,picture-uploads/Women/CropTop/Basic/White-Basic-Back.png
Black Basic Crop Top,180,Women,CropTop,The Trinity Basic Crop Top embodies modern minimalism with a clean and structured silhouette. Crafted from soft premium fabric,Black,All,picture-uploads/Women/CropTop/Basic/Black-Basic-Front.png,picture-uploads/Women/CropTop/Basic/Black-Basic-Side.png,picture-uploads/Women/CropTop/Basic/Black-Basic-Back.png
White Tank Crop Top,190,Women,CropTop,The Trinity Tank Crop Top delivers a sleek and contemporary look through its sleeveless silhouette and refined structure. Designed for a confident modern aesthetic,White,All,picture-uploads/Women/CropTop/Tank/White-Tank-Front.png,picture-uploads/Women/CropTop/Tank/White-Tank-Side.png,picture-uploads/Women/CropTop/Tank/White-Tank-Back.png
Black Tank Crop Top,190,Women,CropTop,The Trinity Tank Crop Top delivers a sleek and contemporary look through its sleeveless silhouette and refined structure. Designed for a confident modern aesthetic,Black,All,picture-uploads/Women/CropTop/Tank/Black-Tank-Front.png,picture-uploads/Women/CropTop/Tank/Black-Tank-Side.png,picture-uploads/Women/CropTop/Tank/Black-Tank-Back.png